sepall,sepalw,petall,petalw,class
0.638889,0.375,0.610169,0.5,Iris-versicolor
0.222222,0.625,0.067797,0.041667,Iris-setosa
0.555556,0.541667,0.847458,1.0,Iris-virginica
0.416667,0.291667,0.694915,0.75,Iris-virginica
0.833333,0.375,0.898305,0.708333,Iris-virginica
0.555556,0.333333,0.694915,0.583333,Iris-virginica
